N,k,Flux,MeasureN
1,0,0,1
1,0.10669,1,2
1,0.106858,1,3
1,0.106987,1,4
